{
  "PUT_Update_Character_by_ID" : {
    "transaction" : "PUT_Update_Character_by_ID",
    "sampleCount" : 2000,
    "errorCount" : 0,
    "errorPct" : 0.0,
    "meanResTime" : 1148.3814999999997,
    "medianResTime" : 988.0,
    "minResTime" : 224.0,
    "maxResTime" : 3209.0,
    "pct1ResTime" : 2231.0,
    "pct2ResTime" : 2452.0,
    "pct3ResTime" : 3018.99,
    "throughput" : 212.31422505307856,
    "receivedKBytesPerSec" : 54.73726114649681,
    "sentKBytesPerSec" : 50.17582271762208
  },
  "DELETE_Delete_Character_by_ID" : {
    "transaction" : "DELETE_Delete_Character_by_ID",
    "sampleCount" : 1978,
    "errorCount" : 0,
    "errorPct" : 0.0,
    "meanResTime" : 1029.3857431749263,
    "medianResTime" : 937.0,
    "minResTime" : 235.0,
    "maxResTime" : 2506.0,
    "pct1ResTime" : 1813.0,
    "pct2ResTime" : 1949.0,
    "pct3ResTime" : 2161.84,
    "throughput" : 272.30176211453744,
    "receivedKBytesPerSec" : 66.21400270167952,
    "sentKBytesPerSec" : 52.918018223430614
  },
  "GET_Character_by_ID" : {
    "transaction" : "GET_Character_by_ID",
    "sampleCount" : 2000,
    "errorCount" : 0,
    "errorPct" : 0.0,
    "meanResTime" : 661.5779999999995,
    "medianResTime" : 765.5,
    "minResTime" : 2.0,
    "maxResTime" : 1378.0,
    "pct1ResTime" : 1117.8000000000002,
    "pct2ResTime" : 1168.0,
    "pct3ResTime" : 1346.99,
    "throughput" : 178.17371937639197,
    "receivedKBytesPerSec" : 45.93541202672606,
    "sentKBytesPerSec" : 30.797605790645882
  },
  "Debug Sampler" : {
    "transaction" : "Debug Sampler",
    "sampleCount" : 1977,
    "errorCount" : 0,
    "errorPct" : 0.0,
    "meanResTime" : 52.50885179564995,
    "medianResTime" : 0.0,
    "minResTime" : 0.0,
    "maxResTime" : 769.0,
    "pct1ResTime" : 164.20000000000005,
    "pct2ResTime" : 308.0,
    "pct3ResTime" : 478.6600000000001,
    "throughput" : 297.4721637074932,
    "receivedKBytesPerSec" : 99.86387488715016,
    "sentKBytesPerSec" : 0.0
  },
  "Total" : {
    "transaction" : "Total",
    "sampleCount" : 11955,
    "errorCount" : 0,
    "errorPct" : 0.0,
    "meanResTime" : 658.0325386867438,
    "medianResTime" : 699.0,
    "minResTime" : 0.0,
    "maxResTime" : 3209.0,
    "pct1ResTime" : 1175.0,
    "pct2ResTime" : 1744.0,
    "pct3ResTime" : 2432.880000000001,
    "throughput" : 928.1111714928966,
    "receivedKBytesPerSec" : 841.2118927587144,
    "sentKBytesPerSec" : 156.30018898959707
  },
  "POST_Add_Character" : {
    "transaction" : "POST_Add_Character",
    "sampleCount" : 2000,
    "errorCount" : 0,
    "errorPct" : 0.0,
    "meanResTime" : 761.0469999999993,
    "medianResTime" : 831.0,
    "minResTime" : 140.0,
    "maxResTime" : 2130.0,
    "pct1ResTime" : 1121.9,
    "pct2ResTime" : 1251.9499999999998,
    "pct3ResTime" : 1871.98,
    "throughput" : 165.27559705809435,
    "receivedKBytesPerSec" : 42.61011486653995,
    "sentKBytesPerSec" : 38.57506611023882
  },
  "GET_All_Characters" : {
    "transaction" : "GET_All_Characters",
    "sampleCount" : 2000,
    "errorCount" : 0,
    "errorPct" : 0.0,
    "meanResTime" : 292.41550000000007,
    "medianResTime" : 238.5,
    "minResTime" : 3.0,
    "maxResTime" : 1939.0,
    "pct1ResTime" : 718.0,
    "pct2ResTime" : 811.0,
    "pct3ResTime" : 1082.96,
    "throughput" : 191.73617102866456,
    "receivedKBytesPerSec" : 780.7594250311572,
    "sentKBytesPerSec" : 32.95465439555172
  }
}