{
  "PUT_Update_Character_by_ID" : {
    "transaction" : "PUT_Update_Character_by_ID",
    "sampleCount" : 8366,
    "errorCount" : 0,
    "errorPct" : 0.0,
    "meanResTime" : 433.66794166866026,
    "medianResTime" : 409.0,
    "minResTime" : 349.0,
    "maxResTime" : 1906.0,
    "pct1ResTime" : 463.3000000000002,
    "pct2ResTime" : 504.64999999999964,
    "pct3ResTime" : 1292.0,
    "throughput" : 143.30986518663173,
    "receivedKBytesPerSec" : 36.94707461842849,
    "sentKBytesPerSec" : 33.86815173355945
  },
  "DELETE_Delete_Character_by_ID" : {
    "transaction" : "DELETE_Delete_Character_by_ID",
    "sampleCount" : 8349,
    "errorCount" : 0,
    "errorPct" : 0.0,
    "meanResTime" : 575.9613127320652,
    "medianResTime" : 443.0,
    "minResTime" : 354.0,
    "maxResTime" : 1896.0,
    "pct1ResTime" : 1275.0,
    "pct2ResTime" : 1289.0,
    "pct3ResTime" : 1412.0,
    "throughput" : 144.35645618645825,
    "receivedKBytesPerSec" : 35.10230233440245,
    "sentKBytesPerSec" : 28.053647247173043
  },
  "GET_Character_by_ID" : {
    "transaction" : "GET_Character_by_ID",
    "sampleCount" : 8717,
    "errorCount" : 0,
    "errorPct" : 0.0,
    "meanResTime" : 745.8239073075575,
    "medianResTime" : 697.0,
    "minResTime" : 15.0,
    "maxResTime" : 1969.0,
    "pct1ResTime" : 1195.0,
    "pct2ResTime" : 1261.0,
    "pct3ResTime" : 1380.8199999999997,
    "throughput" : 147.86606052381597,
    "receivedKBytesPerSec" : 38.12171872879631,
    "sentKBytesPerSec" : 25.55887960226116
  },
  "Debug Sampler" : {
    "transaction" : "Debug Sampler",
    "sampleCount" : 8269,
    "errorCount" : 0,
    "errorPct" : 0.0,
    "meanResTime" : 0.26944007739750764,
    "medianResTime" : 0.0,
    "minResTime" : 0.0,
    "maxResTime" : 183.0,
    "pct1ResTime" : 1.0,
    "pct2ResTime" : 1.0,
    "pct3ResTime" : 7.0,
    "throughput" : 145.47085832908186,
    "receivedKBytesPerSec" : 51.14996706938409,
    "sentKBytesPerSec" : 0.0
  },
  "Total" : {
    "transaction" : "Total",
    "sampleCount" : 52363,
    "errorCount" : 294,
    "errorPct" : 0.56146514,
    "meanResTime" : 2710.2464908427714,
    "medianResTime" : 481.0,
    "minResTime" : 0.0,
    "maxResTime" : 127302.0,
    "pct1ResTime" : 1304.0,
    "pct2ResTime" : 63059.700000000004,
    "pct3ResTime" : 127004.0,
    "throughput" : 405.54376616738176,
    "receivedKBytesPerSec" : 4486.199555893156,
    "sentKBytesPerSec" : 68.00451095364318
  },
  "POST_Add_Character" : {
    "transaction" : "POST_Add_Character",
    "sampleCount" : 8407,
    "errorCount" : 0,
    "errorPct" : 0.0,
    "meanResTime" : 531.9782324253609,
    "medianResTime" : 539.0,
    "minResTime" : 355.0,
    "maxResTime" : 1907.0,
    "pct1ResTime" : 577.0,
    "pct2ResTime" : 593.0,
    "pct3ResTime" : 1298.0,
    "throughput" : 142.68741832006654,
    "receivedKBytesPerSec" : 36.78660003564215,
    "sentKBytesPerSec" : 33.30302048681241
  },
  "GET_All_Characters" : {
    "transaction" : "GET_All_Characters",
    "sampleCount" : 10255,
    "errorCount" : 294,
    "errorPct" : 2.8668942,
    "meanResTime" : 11945.778059483184,
    "medianResTime" : 848.0,
    "minResTime" : 8.0,
    "maxResTime" : 127302.0,
    "pct1ResTime" : 62391.0,
    "pct2ResTime" : 64954.2,
    "pct3ResTime" : 127012.0,
    "throughput" : 79.42347310212364,
    "receivedKBytesPerSec" : 4397.061442222424,
    "sentKBytesPerSec" : 13.259552308740842
  }
}