{
  "PUT_Update_Character_by_ID" : {
    "transaction" : "PUT_Update_Character_by_ID",
    "sampleCount" : 8020,
    "errorCount" : 0,
    "errorPct" : 0.0,
    "meanResTime" : 550.8361596009979,
    "medianResTime" : 897.0,
    "minResTime" : 1.0,
    "maxResTime" : 1454.0,
    "pct1ResTime" : 1037.0,
    "pct2ResTime" : 1384.0,
    "pct3ResTime" : 1407.0,
    "throughput" : 219.29344853986657,
    "receivedKBytesPerSec" : 56.53659220168434,
    "sentKBytesPerSec" : 51.82520951821065
  },
  "DELETE_Delete_Character_by_ID" : {
    "transaction" : "DELETE_Delete_Character_by_ID",
    "sampleCount" : 8020,
    "errorCount" : 0,
    "errorPct" : 0.0,
    "meanResTime" : 606.7457605985044,
    "medianResTime" : 795.0,
    "minResTime" : 1.0,
    "maxResTime" : 1480.0,
    "pct1ResTime" : 1349.0,
    "pct2ResTime" : 1438.0,
    "pct3ResTime" : 1452.0,
    "throughput" : 226.08107346225404,
    "receivedKBytesPerSec" : 54.97479227744264,
    "sentKBytesPerSec" : 43.93567736229352
  },
  "GET_Character_by_ID" : {
    "transaction" : "GET_Character_by_ID",
    "sampleCount" : 8020,
    "errorCount" : 0,
    "errorPct" : 0.0,
    "meanResTime" : 508.20822942643355,
    "medianResTime" : 281.5,
    "minResTime" : 1.0,
    "maxResTime" : 2062.0,
    "pct1ResTime" : 1192.0,
    "pct2ResTime" : 1273.0,
    "pct3ResTime" : 1399.79,
    "throughput" : 215.48134017571672,
    "receivedKBytesPerSec" : 55.55378301405196,
    "sentKBytesPerSec" : 37.246286338966655
  },
  "Debug Sampler" : {
    "transaction" : "Debug Sampler",
    "sampleCount" : 8020,
    "errorCount" : 0,
    "errorPct" : 0.0,
    "meanResTime" : 0.07955112219451375,
    "medianResTime" : 0.0,
    "minResTime" : 0.0,
    "maxResTime" : 73.0,
    "pct1ResTime" : 0.0,
    "pct2ResTime" : 1.0,
    "pct3ResTime" : 1.0,
    "throughput" : 232.2618013321749,
    "receivedKBytesPerSec" : 78.09490841297422,
    "sentKBytesPerSec" : 0.0
  },
  "Total" : {
    "transaction" : "Total",
    "sampleCount" : 48120,
    "errorCount" : 0,
    "errorPct" : 0.0,
    "meanResTime" : 998.586076475486,
    "medianResTime" : 16.0,
    "minResTime" : 0.0,
    "maxResTime" : 37644.0,
    "pct1ResTime" : 36.0,
    "pct2ResTime" : 54.0,
    "pct3ResTime" : 34265.88000000002,
    "throughput" : 1188.9995305280322,
    "receivedKBytesPerSec" : 1403.431141280176,
    "sentKBytesPerSec" : 199.90828695238568
  },
  "POST_Add_Character" : {
    "transaction" : "POST_Add_Character",
    "sampleCount" : 8020,
    "errorCount" : 0,
    "errorPct" : 0.0,
    "meanResTime" : 487.362593516208,
    "medianResTime" : 529.0,
    "minResTime" : 1.0,
    "maxResTime" : 1479.0,
    "pct1ResTime" : 971.0,
    "pct2ResTime" : 1045.0,
    "pct3ResTime" : 1317.0,
    "throughput" : 216.44671146735755,
    "receivedKBytesPerSec" : 55.80266780017813,
    "sentKBytesPerSec" : 50.518324258494594
  },
  "GET_All_Characters" : {
    "transaction" : "GET_All_Characters",
    "sampleCount" : 8020,
    "errorCount" : 0,
    "errorPct" : 0.0,
    "meanResTime" : 3838.2841645885296,
    "medianResTime" : 851.0,
    "minResTime" : 2.0,
    "maxResTime" : 37644.0,
    "pct1ResTime" : 22595.4,
    "pct2ResTime" : 29645.1,
    "pct3ResTime" : 36341.27,
    "throughput" : 198.2155656063864,
    "receivedKBytesPerSec" : 1135.6244284619759,
    "sentKBytesPerSec" : 34.068300338597666
  }
}