{
  "PUT_Update_Character_by_ID" : {
    "transaction" : "PUT_Update_Character_by_ID",
    "sampleCount" : 100,
    "errorCount" : 0,
    "errorPct" : 0.0,
    "meanResTime" : 114.28999999999995,
    "medianResTime" : 104.0,
    "minResTime" : 16.0,
    "maxResTime" : 263.0,
    "pct1ResTime" : 226.30000000000004,
    "pct2ResTime" : 248.29999999999984,
    "pct3ResTime" : 262.99,
    "throughput" : 374.53183520599254,
    "receivedKBytesPerSec" : 96.55898876404494,
    "sentKBytesPerSec" : 88.5124063670412
  },
  "DELETE_Delete_Character_by_ID" : {
    "transaction" : "DELETE_Delete_Character_by_ID",
    "sampleCount" : 99,
    "errorCount" : 0,
    "errorPct" : 0.0,
    "meanResTime" : 127.50505050505052,
    "medianResTime" : 142.0,
    "minResTime" : 4.0,
    "maxResTime" : 247.0,
    "pct1ResTime" : 176.0,
    "pct2ResTime" : 199.0,
    "pct3ResTime" : 247.0,
    "throughput" : 259.84251968503935,
    "receivedKBytesPerSec" : 63.18436269685039,
    "sentKBytesPerSec" : 50.49673966535433
  },
  "GET_Character_by_ID" : {
    "transaction" : "GET_Character_by_ID",
    "sampleCount" : 100,
    "errorCount" : 0,
    "errorPct" : 0.0,
    "meanResTime" : 51.84000000000001,
    "medianResTime" : 55.5,
    "minResTime" : 5.0,
    "maxResTime" : 131.0,
    "pct1ResTime" : 96.30000000000004,
    "pct2ResTime" : 113.89999999999998,
    "pct3ResTime" : 130.98,
    "throughput" : 347.22222222222223,
    "receivedKBytesPerSec" : 89.51822916666667,
    "sentKBytesPerSec" : 60.017903645833336
  },
  "Debug Sampler" : {
    "transaction" : "Debug Sampler",
    "sampleCount" : 52,
    "errorCount" : 0,
    "errorPct" : 0.0,
    "meanResTime" : 33.40384615384615,
    "medianResTime" : 25.5,
    "minResTime" : 8.0,
    "maxResTime" : 76.0,
    "pct1ResTime" : 67.7,
    "pct2ResTime" : 72.0,
    "pct3ResTime" : 76.0,
    "throughput" : 514.8514851485148,
    "receivedKBytesPerSec" : 171.3528774752475,
    "sentKBytesPerSec" : 0.0
  },
  "Total" : {
    "transaction" : "Total",
    "sampleCount" : 551,
    "errorCount" : 0,
    "errorPct" : 0.0,
    "meanResTime" : 124.36660617059889,
    "medianResTime" : 101.0,
    "minResTime" : 2.0,
    "maxResTime" : 496.0,
    "pct1ResTime" : 259.0,
    "pct2ResTime" : 368.0,
    "pct3ResTime" : 427.0,
    "throughput" : 194.906261054121,
    "receivedKBytesPerSec" : 147.6668205031836,
    "sentKBytesPerSec" : 35.61534146179696
  },
  "POST_Add_Character" : {
    "transaction" : "POST_Add_Character",
    "sampleCount" : 100,
    "errorCount" : 0,
    "errorPct" : 0.0,
    "meanResTime" : 237.12999999999997,
    "medianResTime" : 237.5,
    "minResTime" : 58.0,
    "maxResTime" : 496.0,
    "pct1ResTime" : 426.20000000000005,
    "pct2ResTime" : 427.0,
    "pct3ResTime" : 495.99,
    "throughput" : 201.2072434607646,
    "receivedKBytesPerSec" : 51.87374245472837,
    "sentKBytesPerSec" : 46.96145623742455
  },
  "GET_All_Characters" : {
    "transaction" : "GET_All_Characters",
    "sampleCount" : 100,
    "errorCount" : 0,
    "errorPct" : 0.0,
    "meanResTime" : 138.40000000000003,
    "medianResTime" : 167.0,
    "minResTime" : 2.0,
    "maxResTime" : 275.0,
    "pct1ResTime" : 257.0,
    "pct2ResTime" : 260.9,
    "pct3ResTime" : 275.0,
    "throughput" : 141.643059490085,
    "receivedKBytesPerSec" : 423.13097556657226,
    "sentKBytesPerSec" : 24.34490084985836
  }
}