{
  "PUT_Update_Character_by_ID" : {
    "transaction" : "PUT_Update_Character_by_ID",
    "sampleCount" : 19652,
    "errorCount" : 33,
    "errorPct" : 0.16792184,
    "meanResTime" : 1453.3931406472564,
    "medianResTime" : 451.0,
    "minResTime" : 2.0,
    "maxResTime" : 127012.0,
    "pct1ResTime" : 2052.0,
    "pct2ResTime" : 2169.0,
    "pct3ResTime" : 2751.470000000001,
    "throughput" : 105.34158827155531,
    "receivedKBytesPerSec" : 27.533754497668248,
    "sentKBytesPerSec" : 24.853375596338882
  },
  "DELETE_Delete_Character_by_ID" : {
    "transaction" : "DELETE_Delete_Character_by_ID",
    "sampleCount" : 19475,
    "errorCount" : 0,
    "errorPct" : 0.0,
    "meanResTime" : 1339.6565340179611,
    "medianResTime" : 382.0,
    "minResTime" : 2.0,
    "maxResTime" : 63313.0,
    "pct1ResTime" : 2173.0,
    "pct2ResTime" : 5043.0,
    "pct3ResTime" : 6709.200000000008,
    "throughput" : 107.75265854441236,
    "receivedKBytesPerSec" : 26.201574196834645,
    "sentKBytesPerSec" : 20.940213916345762
  },
  "GET_Character_by_ID" : {
    "transaction" : "GET_Character_by_ID",
    "sampleCount" : 21153,
    "errorCount" : 516,
    "errorPct" : 2.4393704,
    "meanResTime" : 6479.927244362487,
    "medianResTime" : 465.0,
    "minResTime" : 1.0,
    "maxResTime" : 183064.0,
    "pct1ResTime" : 5975.0,
    "pct2ResTime" : 57659.0,
    "pct3ResTime" : 127003.0,
    "throughput" : 86.36521384097173,
    "receivedKBytesPerSec" : 26.692378725630295,
    "sentKBytesPerSec" : 14.564909857609472
  },
  "Debug Sampler" : {
    "transaction" : "Debug Sampler",
    "sampleCount" : 19348,
    "errorCount" : 0,
    "errorPct" : 0.0,
    "meanResTime" : 26.067965681207262,
    "medianResTime" : 0.0,
    "minResTime" : 0.0,
    "maxResTime" : 877.0,
    "pct1ResTime" : 1.0,
    "pct2ResTime" : 223.0,
    "pct3ResTime" : 599.0,
    "throughput" : 114.48927180846657,
    "receivedKBytesPerSec" : 40.79654362728854,
    "sentKBytesPerSec" : 0.0
  },
  "Total" : {
    "transaction" : "Total",
    "sampleCount" : 121421,
    "errorCount" : 1121,
    "errorPct" : 0.92323405,
    "meanResTime" : 2883.219327793389,
    "medianResTime" : 212.0,
    "minResTime" : 0.0,
    "maxResTime" : 183064.0,
    "pct1ResTime" : 416.90000000000146,
    "pct2ResTime" : 127001.0,
    "pct3ResTime" : 127008.0,
    "throughput" : 472.09888255558064,
    "receivedKBytesPerSec" : 5209.932604376462,
    "sentKBytesPerSec" : 78.9401297634276
  },
  "POST_Add_Character" : {
    "transaction" : "POST_Add_Character",
    "sampleCount" : 20435,
    "errorCount" : 469,
    "errorPct" : 2.2950819,
    "meanResTime" : 4626.246880352328,
    "medianResTime" : 410.0,
    "minResTime" : 2.0,
    "maxResTime" : 127033.0,
    "pct1ResTime" : 2778.0,
    "pct2ResTime" : 3100.9000000000015,
    "pct3ResTime" : 127002.0,
    "throughput" : 84.51723638769981,
    "receivedKBytesPerSec" : 25.857679440153444,
    "sentKBytesPerSec" : 19.278285234040574
  },
  "GET_All_Characters" : {
    "transaction" : "GET_All_Characters",
    "sampleCount" : 21358,
    "errorCount" : 103,
    "errorPct" : 0.4822549,
    "meanResTime" : 2964.6906077347967,
    "medianResTime" : 493.0,
    "minResTime" : 5.0,
    "maxResTime" : 183030.0,
    "pct1ResTime" : 5734.9000000000015,
    "pct2ResTime" : 6548.850000000002,
    "pct3ResTime" : 34139.38000000058,
    "throughput" : 83.14323307977982,
    "receivedKBytesPerSec" : 5101.202986530538,
    "sentKBytesPerSec" : 14.22132778863447
  }
}