{
  "PUT_Update_Character_by_ID" : {
    "transaction" : "PUT_Update_Character_by_ID",
    "sampleCount" : 3726,
    "errorCount" : 0,
    "errorPct" : 0.0,
    "meanResTime" : 895.8486312399378,
    "medianResTime" : 875.0,
    "minResTime" : 55.0,
    "maxResTime" : 3811.0,
    "pct1ResTime" : 1223.3000000000002,
    "pct2ResTime" : 1522.6499999999996,
    "pct3ResTime" : 2182.0,
    "throughput" : 152.2307566595849,
    "receivedKBytesPerSec" : 39.246991951299236,
    "sentKBytesPerSec" : 35.97640928869097
  },
  "DELETE_Delete_Character_by_ID" : {
    "transaction" : "DELETE_Delete_Character_by_ID",
    "sampleCount" : 3644,
    "errorCount" : 0,
    "errorPct" : 0.0,
    "meanResTime" : 897.8383644346886,
    "medianResTime" : 839.0,
    "minResTime" : 421.0,
    "maxResTime" : 2948.0,
    "pct1ResTime" : 1042.0,
    "pct2ResTime" : 1046.0,
    "pct3ResTime" : 1611.5500000000002,
    "throughput" : 156.94719614092514,
    "receivedKBytesPerSec" : 38.16391781161168,
    "sentKBytesPerSec" : 30.50048050004307
  },
  "GET_Character_by_ID" : {
    "transaction" : "GET_Character_by_ID",
    "sampleCount" : 4108,
    "errorCount" : 6,
    "errorPct" : 0.14605647,
    "meanResTime" : 1739.7327166504392,
    "medianResTime" : 1339.5,
    "minResTime" : 2.0,
    "maxResTime" : 24482.0,
    "pct1ResTime" : 2704.1,
    "pct2ResTime" : 2878.0,
    "pct3ResTime" : 24418.82,
    "throughput" : 146.4788732394366,
    "receivedKBytesPerSec" : 38.13869172312355,
    "sentKBytesPerSec" : 25.282121924585486
  },
  "Debug Sampler" : {
    "transaction" : "Debug Sampler",
    "sampleCount" : 3383,
    "errorCount" : 0,
    "errorPct" : 0.0,
    "meanResTime" : 3.9858114099911397,
    "medianResTime" : 0.0,
    "minResTime" : 0.0,
    "maxResTime" : 87.0,
    "pct1ResTime" : 4.0,
    "pct2ResTime" : 34.0,
    "pct3ResTime" : 78.15999999999985,
    "throughput" : 153.84265575261483,
    "receivedKBytesPerSec" : 54.047827137335155,
    "sentKBytesPerSec" : 0.0
  },
  "Total" : {
    "transaction" : "Total",
    "sampleCount" : 23061,
    "errorCount" : 273,
    "errorPct" : 1.1838168,
    "meanResTime" : 1030.594163306017,
    "medianResTime" : 863.0,
    "minResTime" : 0.0,
    "maxResTime" : 24896.0,
    "pct1ResTime" : 2188.9000000000015,
    "pct2ResTime" : 2635.0,
    "pct3ResTime" : 3002.9900000000016,
    "throughput" : 684.9123849123849,
    "receivedKBytesPerSec" : 6343.877878350534,
    "sentKBytesPerSec" : 115.71354901433025
  },
  "POST_Add_Character" : {
    "transaction" : "POST_Add_Character",
    "sampleCount" : 3817,
    "errorCount" : 0,
    "errorPct" : 0.0,
    "meanResTime" : 773.5145402148281,
    "medianResTime" : 733.0,
    "minResTime" : 172.0,
    "maxResTime" : 24896.0,
    "pct1ResTime" : 926.2000000000003,
    "pct2ResTime" : 1033.0,
    "pct3ResTime" : 1614.6400000000003,
    "throughput" : 136.83946368394638,
    "receivedKBytesPerSec" : 35.27892423101743,
    "sentKBytesPerSec" : 31.938117012171077
  },
  "GET_All_Characters" : {
    "transaction" : "GET_All_Characters",
    "sampleCount" : 4383,
    "errorCount" : 267,
    "errorPct" : 6.091718,
    "meanResTime" : 1607.1334702258678,
    "medianResTime" : 1594.0,
    "minResTime" : 8.0,
    "maxResTime" : 3790.0,
    "pct1ResTime" : 2649.6,
    "pct2ResTime" : 2830.8,
    "pct3ResTime" : 3082.3199999999997,
    "throughput" : 131.23933287421025,
    "receivedKBytesPerSec" : 6243.35980191896,
    "sentKBytesPerSec" : 21.182666107734228
  }
}